id,prop_type,player_name,player_team,defensive_matchup,sports_book,name,price,points,nba_api_player_id,implied_odds,p(over),p(under),edge,ev,suggested_kelly
30f8e1bcf9f78e431692d16159641c19,player_threes,Talen Horton-Tucker,UTA,SAS,fanduel,Under,114,1.5,1629659.0,0.4672897196261683,0.1905,0.8095,0.3422102803738317,0.7323299999999997,0.6423947368421051
30f8e1bcf9f78e431692d16159641c19,player_threes,Talen Horton-Tucker,UTA,SAS,betonlineag,Under,107,1.5,1629659.0,0.48309178743961356,0.1905,0.8095,0.32640821256038643,0.675665,0.6314626168224299
30f8e1bcf9f78e431692d16159641c19,player_threes,Talen Horton-Tucker,UTA,SAS,draftkings,Under,100,1.5,1629659.0,0.5,0.1905,0.8095,0.3095,0.619,0.619
30f8e1bcf9f78e431692d16159641c19,player_threes,Talen Horton-Tucker,UTA,SAS,williamhill_us,Under,-109,1.5,1629659.0,0.5215311004784688,0.1905,0.8095,0.28796889952153115,0.5521605504587157,0.601855
c561733244807b85c43bd2c80d73a010,player_threes,Dorian Finney-Smith,BKN,MIL,fanduel,Under,100,1.5,1627827.0,0.5,0.2274,0.7726,0.27259999999999995,0.5451999999999999,0.5451999999999999
2f5a74d16e351bb6bfd69edb4d609d2d,player_threes,Isaiah Joe,OKC,SAC,fanduel,Under,-106,3.5,1630198.0,0.5145631067961165,0.2145,0.7855,0.2709368932038835,0.5265377358490566,0.55813
30f8e1bcf9f78e431692d16159641c19,player_threes,Malaki Branham,SAS,UTA,fanduel,Under,110,1.5,1631103.0,0.47619047619047616,0.2867,0.7133,0.23710952380952388,0.4979300000000002,0.4526636363636365
c561733244807b85c43bd2c80d73a010,player_threes,Dorian Finney-Smith,BKN,MIL,betonlineag,Under,-108,1.5,1627827.0,0.5192307692307693,0.2274,0.7726,0.2533692307692307,0.48797037037037017,0.5270079999999999
c561733244807b85c43bd2c80d73a010,player_threes,Dorian Finney-Smith,BKN,MIL,williamhill_us,Under,-109,1.5,1627827.0,0.5215311004784688,0.2274,0.7726,0.2510688995215311,0.4814073394495413,0.524734
c561733244807b85c43bd2c80d73a010,player_threes,Dorian Finney-Smith,BKN,MIL,draftkings,Under,-110,1.5,1627827.0,0.5238095238095238,0.2274,0.7726,0.24879047619047612,0.47496363636363625,0.5224599999999999
30f8e1bcf9f78e431692d16159641c19,player_threes,Malaki Branham,SAS,UTA,betonlineag,Under,103,1.5,1631103.0,0.4926108374384236,0.2867,0.7133,0.22068916256157645,0.44799900000000026,0.4349504854368933
30f8e1bcf9f78e431692d16159641c19,player_threes,Malaki Branham,SAS,UTA,draftkings,Under,100,1.5,1631103.0,0.5,0.2867,0.7133,0.21330000000000005,0.4266000000000001,0.42660000000000003
e11e960cb8a468eeb86243d14ff0e115,player_threes,Kyle Anderson,MIN,LAC,betonlineag,Over,-114,0.5,203937.0,0.5327102803738317,0.7389,0.2611,0.20618971962616828,0.38705789473684216,0.441246
e11e960cb8a468eeb86243d14ff0e115,player_threes,Kyle Anderson,MIN,LAC,betmgm,Over,-115,0.5,203937.0,0.5348837209302325,0.7389,0.2611,0.2040162790697675,0.38142173913043487,0.43863500000000005
30f8e1bcf9f78e431692d16159641c19,player_threes,Malaki Branham,SAS,UTA,williamhill_us,Under,-108,1.5,1631103.0,0.5192307692307693,0.2867,0.7133,0.19406923076923077,0.37376296296296285,0.40366399999999997
327fcaf3f07c234562bf8d48ebcd6120,player_threes,Nikola Jokic,DEN,HOU,betonlineag,Over,-105,0.5,203999.0,0.5121951219512195,0.6985,0.3015,0.1863048780487805,0.3637380952380953,0.38192499999999996
327fcaf3f07c234562bf8d48ebcd6120,player_threes,Nikola Jokic,DEN,HOU,draftkings,Over,-105,0.5,203999.0,0.5121951219512195,0.6985,0.3015,0.1863048780487805,0.3637380952380953,0.38192499999999996
e11e960cb8a468eeb86243d14ff0e115,player_threes,Kyle Anderson,MIN,LAC,draftkings,Over,-120,0.5,203937.0,0.5454545454545454,0.7389,0.2611,0.1934454545454546,0.35465000000000013,0.42558000000000007
0bd3aec04d34573803555d9163d4a33a,player_threes,Klay Thompson,GSW,POR,draftkings,Under,125,4.5,202691.0,0.4444444444444444,0.3994,0.6006,0.1561555555555556,0.35135000000000005,0.28108000000000005
e11e960cb8a468eeb86243d14ff0e115,player_threes,Kyle Anderson,MIN,LAC,williamhill_us,Over,-121,0.5,203937.0,0.5475113122171946,0.7389,0.2611,0.19138868778280538,0.3495611570247932,0.42296899999999993
0bd3aec04d34573803555d9163d4a33a,player_threes,Klay Thompson,GSW,POR,betonlineag,Under,124,4.5,202691.0,0.4464285714285714,0.3994,0.6006,0.15417142857142863,0.3453440000000001,0.2785032258064517
327fcaf3f07c234562bf8d48ebcd6120,player_threes,Nikola Jokic,DEN,HOU,williamhill_us,Over,-108,0.5,203999.0,0.5192307692307693,0.6985,0.3015,0.17926923076923074,0.34525925925925915,0.37287999999999993
0bd3aec04d34573803555d9163d4a33a,player_threes,Klay Thompson,GSW,POR,williamhill_us,Under,116,4.5,202691.0,0.4629629629629629,0.3994,0.6006,0.1376370370370371,0.2972960000000002,0.25628965517241387
e11e960cb8a468eeb86243d14ff0e115,player_threes,Jaden McDaniels,MIN,LAC,fanduel,Over,122,1.5,1630183.0,0.4504504504504504,0.5754,0.4246,0.12494954954954962,0.2773880000000002,0.22736721311475422
c561733244807b85c43bd2c80d73a010,player_threes,Spencer Dinwiddie,BKN,MIL,fanduel,Under,-162,2.5,203915.0,0.6183206106870229,0.2102,0.7898,0.17147938931297702,0.2773308641975307,0.4492759999999999
c561733244807b85c43bd2c80d73a010,player_threes,Spencer Dinwiddie,BKN,MIL,betonlineag,Under,-169,2.5,203915.0,0.6282527881040892,0.2102,0.7898,0.1615472118959107,0.25713727810650866,0.4345619999999999
e11e960cb8a468eeb86243d14ff0e115,player_threes,Jaden McDaniels,MIN,LAC,betonlineag,Over,117,1.5,1630183.0,0.4608294930875576,0.5754,0.4246,0.11457050691244242,0.248618,0.2124940170940171
c561733244807b85c43bd2c80d73a010,player_threes,Spencer Dinwiddie,BKN,MIL,draftkings,Under,-175,2.5,203915.0,0.6363636363636364,0.2102,0.7898,0.1534363636363636,0.24111428571428561,0.42194999999999994
e11e960cb8a468eeb86243d14ff0e115,player_threes,Jaden McDaniels,MIN,LAC,betmgm,Over,115,1.5,1630183.0,0.4651162790697675,0.5754,0.4246,0.11028372093023253,0.23710999999999993,0.20618260869565222
e11e960cb8a468eeb86243d14ff0e115,player_threes,Jaden McDaniels,MIN,LAC,draftkings,Over,115,1.5,1630183.0,0.4651162790697675,0.5754,0.4246,0.11028372093023253,0.23710999999999993,0.20618260869565222
c561733244807b85c43bd2c80d73a010,player_threes,Spencer Dinwiddie,BKN,MIL,williamhill_us,Under,-179,2.5,203915.0,0.6415770609318996,0.2102,0.7898,0.14822293906810036,0.23102905027932952,0.41354199999999997
327fcaf3f07c234562bf8d48ebcd6120,player_threes,Jalen Green,HOU,DEN,fanduel,Under,108,2.5,1630224.0,0.4807692307692307,0.4083,0.5917,0.11093076923076928,0.23073600000000005,0.21364444444444447
0bd3aec04d34573803555d9163d4a33a,player_threes,Jordan Poole,GSW,POR,betonlineag,Under,127,2.5,1629673.0,0.44052863436123346,0.4595,0.5405,0.09997136563876652,0.2269350000000001,0.17868897637795275
2f5a74d16e351bb6bfd69edb4d609d2d,player_threes,Luguentz Dort,OKC,SAC,fanduel,Under,158,1.5,1629652.0,0.3875968992248062,0.5245,0.4755,0.08790310077519375,0.22678999999999983,0.14353797468354432
0bd3aec04d34573803555d9163d4a33a,player_threes,Jordan Poole,GSW,POR,draftkings,Under,125,2.5,1629673.0,0.4444444444444444,0.4595,0.5405,0.09605555555555556,0.21612500000000012,0.17289999999999991
2f5a74d16e351bb6bfd69edb4d609d2d,player_threes,Luguentz Dort,OKC,SAC,draftkings,Under,155,1.5,1629652.0,0.3921568627450981,0.5245,0.4755,0.08334313725490189,0.21252499999999985,0.13711290322580644
0bd3aec04d34573803555d9163d4a33a,player_threes,Damian Lillard,POR,GSW,draftkings,Under,115,4.5,203081.0,0.4651162790697675,0.4403,0.5597,0.09458372093023248,0.20335499999999973,0.17683043478260868
30f8e1bcf9f78e431692d16159641c19,player_threes,Keldon Johnson,SAS,UTA,fanduel,Over,110,1.5,1629640.0,0.47619047619047616,0.5699,0.4301,0.0937095238095238,0.19679000000000002,0.17890000000000006
3c3c738f07b810f0337a07b263528a04,player_threes,Dillon Brooks,MEM,LAL,fanduel,Over,116,1.5,1628415.0,0.4629629629629629,0.5539,0.4461,0.09093703703703704,0.19642399999999993,0.1693310344827586
40ba710673a5c06b9037192bd0062043,player_threes,Bradley Beal,WAS,ATL,fanduel,Under,136,1.5,203078.0,0.423728813559322,0.494,0.506,0.08227118644067799,0.1941600000000001,0.14276470588235307
40ba710673a5c06b9037192bd0062043,player_threes,Kyle Kuzma,WAS,ATL,fanduel,Under,-186,3.5,1628398.0,0.6503496503496503,0.2262,0.7738,0.12345034965034973,0.18982150537634412,0.35306800000000016
e11e960cb8a468eeb86243d14ff0e115,player_threes,Anthony Edwards,MIN,LAC,draftkings,Over,-165,2.5,1630162.0,0.6226415094339622,0.7401,0.2599,0.11745849056603774,0.18864545454545456,0.31126500000000007
e11e960cb8a468eeb86243d14ff0e115,player_threes,Anthony Edwards,MIN,LAC,williamhill_us,Over,-166,2.5,1630162.0,0.6240601503759399,0.7401,0.2599,0.11603984962406011,0.18594337349397594,0.3086659999999999
e11e960cb8a468eeb86243d14ff0e115,player_threes,Jaden McDaniels,MIN,LAC,williamhill_us,Over,106,1.5,1630183.0,0.4854368932038835,0.5754,0.4246,0.08996310679611652,0.18532400000000004,0.174833962264151
e11e960cb8a468eeb86243d14ff0e115,player_threes,Mike Conley,MIN,LAC,draftkings,Over,-175,1.5,201144.0,0.6363636363636364,0.7482,0.2518,0.11183636363636362,0.1757428571428572,0.30754999999999993
3c3c738f07b810f0337a07b263528a04,player_threes,Dillon Brooks,MEM,LAL,betonlineag,Over,112,1.5,1628415.0,0.4716981132075472,0.5539,0.4461,0.08220188679245277,0.17426799999999987,0.15559642857142858
30f8e1bcf9f78e431692d16159641c19,player_threes,Keldon Johnson,SAS,UTA,betonlineag,Over,106,1.5,1629640.0,0.4854368932038835,0.5699,0.4301,0.08446310679611646,0.17399399999999998,0.16414528301886794
0bd3aec04d34573803555d9163d4a33a,player_threes,Cam Reddish,POR,GSW,fanduel,Over,-115,1.5,1629629.0,0.5348837209302325,0.6279,0.3721,0.0930162790697675,0.17390000000000017,0.19998500000000005
0bd3aec04d34573803555d9163d4a33a,player_threes,Damian Lillard,POR,GSW,betonlineag,Under,109,4.5,203081.0,0.47846889952153115,0.4403,0.5597,0.08123110047846882,0.16977299999999973,0.1557550458715595
40ba710673a5c06b9037192bd0062043,player_threes,Bradley Beal,WAS,ATL,betonlineag,Under,131,1.5,203078.0,0.4329004329004329,0.494,0.506,0.07309956709956711,0.16886,0.12890076335877862
30f8e1bcf9f78e431692d16159641c19,player_threes,Lauri Markkanen,UTA,SAS,draftkings,Under,-125,3.5,1628374.0,0.5555555555555556,0.3508,0.6492,0.09364444444444442,0.16856000000000004,0.21069999999999997
30f8e1bcf9f78e431692d16159641c19,player_threes,Keldon Johnson,SAS,UTA,draftkings,Over,105,1.5,1629640.0,0.4878048780487805,0.5699,0.4301,0.08209512195121949,0.16829499999999986,0.16028095238095247
0bd3aec04d34573803555d9163d4a33a,player_threes,Jordan Poole,GSW,POR,williamhill_us,Under,116,2.5,1629673.0,0.4629629629629629,0.4595,0.5405,0.07753703703703707,0.16748000000000007,0.14437931034482762
0bd3aec04d34573803555d9163d4a33a,player_threes,Damian Lillard,POR,GSW,williamhill_us,Under,108,4.5,203081.0,0.4807692307692307,0.4403,0.5597,0.07893076923076925,0.1641760000000001,0.1520148148148148
3c3c738f07b810f0337a07b263528a04,player_threes,Dillon Brooks,MEM,LAL,draftkings,Over,110,1.5,1628415.0,0.47619047619047616,0.5539,0.4461,0.07770952380952378,0.16318999999999995,0.14835454545454543
e11e960cb8a468eeb86243d14ff0e115,player_threes,Anthony Edwards,MIN,LAC,betonlineag,Over,-175,2.5,1630162.0,0.6363636363636364,0.7401,0.2599,0.10373636363636363,0.16301428571428578,0.28527499999999995
e11e960cb8a468eeb86243d14ff0e115,player_threes,Anthony Edwards,MIN,LAC,betmgm,Over,-175,2.5,1630162.0,0.6363636363636364,0.7401,0.2599,0.10373636363636363,0.16301428571428578,0.28527499999999995
30f8e1bcf9f78e431692d16159641c19,player_threes,Keldon Johnson,SAS,UTA,williamhill_us,Over,104,1.5,1629640.0,0.4901960784313726,0.5699,0.4301,0.07970392156862738,0.16259599999999974,0.1563423076923077
30f8e1bcf9f78e431692d16159641c19,player_threes,Lauri Markkanen,UTA,SAS,betonlineag,Under,-127,3.5,1628374.0,0.5594713656387665,0.3508,0.6492,0.08972863436123346,0.1603811023622046,0.203684
0bd3aec04d34573803555d9163d4a33a,player_threes,Cam Reddish,POR,GSW,betonlineag,Over,-118,1.5,1629629.0,0.5412844036697247,0.6279,0.3721,0.08661559633027527,0.16001864406779664,0.18882200000000013
30f8e1bcf9f78e431692d16159641c19,player_threes,Lauri Markkanen,UTA,SAS,fanduel,Under,-128,3.5,1628374.0,0.5614035087719298,0.3508,0.6492,0.0877964912280702,0.15638750000000012,0.20017600000000002
2f5a74d16e351bb6bfd69edb4d609d2d,player_threes,Luguentz Dort,OKC,SAC,williamhill_us,Under,143,1.5,1629652.0,0.411522633744856,0.5245,0.4755,0.063977366255144,0.15546499999999996,0.10871678321678313
e11e960cb8a468eeb86243d14ff0e115,player_threes,Mike Conley,MIN,LAC,betonlineag,Over,-185,1.5,201144.0,0.6491228070175439,0.7482,0.2518,0.0990771929824561,0.1526324324324324,0.28236999999999995
30f8e1bcf9f78e431692d16159641c19,player_threes,Lauri Markkanen,UTA,SAS,williamhill_us,Under,-129,3.5,1628374.0,0.5633187772925764,0.3508,0.6492,0.0858812227074236,0.1524558139534884,0.196668
e11e960cb8a468eeb86243d14ff0e115,player_threes,Mike Conley,MIN,LAC,williamhill_us,Over,-189,1.5,201144.0,0.6539792387543253,0.7482,0.2518,0.09422076124567469,0.1440730158730157,0.2722979999999999
7158a4d353ad76325413c04921290fbb,player_threes,Myles Turner,IND,DAL,fanduel,Under,-104,1.5,1626167.0,0.5098039215686274,0.4169,0.5831,0.07329607843137254,0.14377307692307695,0.14952400000000007
40ba710673a5c06b9037192bd0062043,player_threes,Bradley Beal,WAS,ATL,draftkings,Under,125,1.5,203078.0,0.4444444444444444,0.494,0.506,0.061555555555555586,0.13850000000000007,0.11080000000000005
0bd3aec04d34573803555d9163d4a33a,player_threes,Cam Reddish,POR,GSW,williamhill_us,Over,-123,1.5,1629629.0,0.5515695067264574,0.6279,0.3721,0.07633049327354258,0.1383878048780487,0.17021700000000003
0bd3aec04d34573803555d9163d4a33a,player_threes,Cam Reddish,POR,GSW,draftkings,Over,-125,1.5,1629629.0,0.5555555555555556,0.6279,0.3721,0.07234444444444443,0.13022,0.1627749999999999
3c3c738f07b810f0337a07b263528a04,player_threes,Dillon Brooks,MEM,LAL,williamhill_us,Over,102,1.5,1628415.0,0.49504950495049505,0.5539,0.4461,0.0588504950495049,0.11887799999999982,0.11654705882352939
3c3c738f07b810f0337a07b263528a04,player_threes,Malik Beasley,LAL,MEM,williamhill_us,Under,106,3.5,1627736.0,0.4854368932038835,0.4587,0.5413,0.0558631067961165,0.11507800000000001,0.10856415094339623
30f8e1bcf9f78e431692d16159641c19,player_threes,Kelly Olynyk,UTA,SAS,betonlineag,Under,-109,1.5,203482.0,0.5215311004784688,0.4192,0.5808,0.05926889952153114,0.11364403669724776,0.12387200000000015
30f8e1bcf9f78e431692d16159641c19,player_threes,Kelly Olynyk,UTA,SAS,draftkings,Under,-110,1.5,203482.0,0.5238095238095238,0.4192,0.5808,0.05699047619047615,0.10880000000000001,0.11967999999999991
30f8e1bcf9f78e431692d16159641c19,player_threes,Kelly Olynyk,UTA,SAS,fanduel,Under,-111,1.5,203482.0,0.5260663507109005,0.4192,0.5808,0.05473364928909952,0.10404324324324321,0.11548800000000008
7158a4d353ad76325413c04921290fbb,player_threes,Myles Turner,IND,DAL,betonlineag,Under,-112,1.5,1626167.0,0.5283018867924528,0.4169,0.5831,0.05479811320754713,0.10372499999999985,0.1161719999999999
7158a4d353ad76325413c04921290fbb,player_threes,Buddy Hield,IND,DAL,draftkings,Under,-120,3.5,1627741.0,0.5454545454545454,0.3989,0.6011,0.055645454545454553,0.10201666666666664,0.12242000000000001
30f8e1bcf9f78e431692d16159641c19,player_threes,Kelly Olynyk,UTA,SAS,williamhill_us,Under,-113,1.5,203482.0,0.5305164319248826,0.4192,0.5808,0.05028356807511736,0.09478230088495576,0.107104
7158a4d353ad76325413c04921290fbb,player_threes,Buddy Hield,IND,DAL,betonlineag,Under,-122,3.5,1627741.0,0.5495495495495496,0.3989,0.6011,0.05155045045045037,0.09380491803278668,0.1144419999999999
40ba710673a5c06b9037192bd0062043,player_threes,Bradley Beal,WAS,ATL,williamhill_us,Under,116,1.5,203078.0,0.4629629629629629,0.494,0.506,0.043037037037037096,0.09296000000000015,0.08013793103448279
7158a4d353ad76325413c04921290fbb,player_threes,Buddy Hield,IND,DAL,williamhill_us,Under,-123,3.5,1627741.0,0.5515695067264574,0.3989,0.6011,0.04953049327354253,0.08979918699186973,0.11045299999999997
2f5a74d16e351bb6bfd69edb4d609d2d,player_threes,Jalen Williams,OKC,SAC,draftkings,Under,155,0.5,1631114.0,0.3921568627450981,0.5745,0.4255,0.0333431372549019,0.0850249999999999,0.05485483870967737
3c3c738f07b810f0337a07b263528a04,player_threes,Malik Beasley,LAL,MEM,fanduel,Under,100,3.5,1627736.0,0.5,0.4587,0.5413,0.0413,0.0826,0.0826
3c3c738f07b810f0337a07b263528a04,player_threes,Malik Beasley,LAL,MEM,draftkings,Under,100,3.5,1627736.0,0.5,0.4587,0.5413,0.0413,0.0826,0.0826
3c3c738f07b810f0337a07b263528a04,player_threes,Desmond Bane,MEM,LAL,williamhill_us,Over,-115,2.5,1630217.0,0.5348837209302325,0.5769,0.4231,0.04201627906976746,0.07855217391304348,0.09033500000000005
40ba710673a5c06b9037192bd0062043,player_threes,Trae Young,ATL,WAS,fanduel,Under,-174,2.5,1629027.0,0.635036496350365,0.3156,0.6844,0.04936350364963504,0.07773333333333343,0.135256
3c3c738f07b810f0337a07b263528a04,player_threes,Malik Beasley,LAL,MEM,betonlineag,Under,-101,3.5,1627736.0,0.5024875621890548,0.4587,0.5413,0.03881243781094523,0.07724059405940586,0.07801299999999994
3c3c738f07b810f0337a07b263528a04,player_threes,Anthony Davis,LAL,MEM,draftkings,Over,175,0.5,203076.0,0.36363636363636365,0.3912,0.6088,0.027563636363636346,0.07579999999999987,0.0433142857142857
7158a4d353ad76325413c04921290fbb,player_threes,Buddy Hield,IND,DAL,fanduel,Under,-128,3.5,1627741.0,0.5614035087719298,0.3989,0.6011,0.039696491228070174,0.07070937500000007,0.09050800000000002
7158a4d353ad76325413c04921290fbb,player_threes,Myles Turner,IND,DAL,draftkings,Under,-120,1.5,1626167.0,0.5454545454545454,0.4169,0.5831,0.03764545454545454,0.06901666666666673,0.08282000000000006
0bd3aec04d34573803555d9163d4a33a,player_threes,Jerami Grant,POR,GSW,draftkings,Over,-175,1.5,203924.0,0.6363636363636364,0.6802,0.3198,0.04383636363636367,0.06888571428571444,0.12055000000000007
40ba710673a5c06b9037192bd0062043,player_threes,Trae Young,ATL,WAS,betonlineag,Under,-179,2.5,1629027.0,0.6415770609318996,0.3156,0.6844,0.04282293906810042,0.06674636871508399,0.11947600000000014
40ba710673a5c06b9037192bd0062043,player_threes,Trae Young,ATL,WAS,williamhill_us,Under,-179,2.5,1629027.0,0.6415770609318996,0.3156,0.6844,0.04282293906810042,0.06674636871508399,0.11947600000000014
3c3c738f07b810f0337a07b263528a04,player_threes,Ja Morant,MEM,LAL,fanduel,Over,116,1.5,1629630.0,0.4629629629629629,0.4936,0.5064,0.030637037037037074,0.06617600000000001,0.057048275862069064
7158a4d353ad76325413c04921290fbb,player_threes,Myles Turner,IND,DAL,williamhill_us,Under,-121,1.5,1626167.0,0.5475113122171946,0.4169,0.5831,0.03558868778280533,0.06500082644628069,0.07865099999999992
40ba710673a5c06b9037192bd0062043,player_threes,Trae Young,ATL,WAS,draftkings,Under,-180,2.5,1629027.0,0.6428571428571429,0.3156,0.6844,0.041542857142857104,0.06462222222222214,0.11631999999999978
2f5a74d16e351bb6bfd69edb4d609d2d,player_threes,Jalen Williams,OKC,SAC,betmgm,Under,150,0.5,1631114.0,0.4,0.5745,0.4255,0.025499999999999967,0.06374999999999997,0.04249999999999998
3c3c738f07b810f0337a07b263528a04,player_threes,Ja Morant,MEM,LAL,draftkings,Over,115,1.5,1629630.0,0.4651162790697675,0.4936,0.5064,0.028483720930232492,0.06123999999999996,0.053252173913043446
0bd3aec04d34573803555d9163d4a33a,player_threes,Jerami Grant,POR,GSW,williamhill_us,Over,-179,1.5,203924.0,0.6415770609318996,0.6802,0.3198,0.03862293906810044,0.06020000000000003,0.10775800000000015
c561733244807b85c43bd2c80d73a010,player_threes,Mikal Bridges,BKN,MIL,draftkings,Over,-145,1.5,1628969.0,0.5918367346938775,0.6266,0.3734,0.034763265306122504,0.05873793103448288,0.08517000000000009
e11e960cb8a468eeb86243d14ff0e115,player_threes,Kawhi Leonard,LAC,MIN,draftkings,Under,-190,2.5,202695.0,0.6551724137931034,0.307,0.693,0.037827586206896524,0.057736842105263086,0.10970000000000006
3c3c738f07b810f0337a07b263528a04,player_threes,Desmond Bane,MEM,LAL,draftkings,Over,-120,2.5,1630217.0,0.5454545454545454,0.5769,0.4231,0.031445454545454554,0.05764999999999998,0.0691800000000001
c561733244807b85c43bd2c80d73a010,player_threes,Cameron Johnson,BKN,MIL,draftkings,Under,-145,2.5,1629661.0,0.5918367346938775,0.3776,0.6224,0.03056326530612241,0.05164137931034474,0.07488000000000003
3c3c738f07b810f0337a07b263528a04,player_threes,Ja Morant,MEM,LAL,betonlineag,Over,113,1.5,1629630.0,0.4694835680751174,0.4936,0.5064,0.02411643192488261,0.05136799999999986,0.045458407079646
e11e960cb8a468eeb86243d14ff0e115,player_threes,Kawhi Leonard,LAC,MIN,fanduel,Under,-194,2.5,202695.0,0.6598639455782312,0.307,0.693,0.0331360544217687,0.050216494845360726,0.0974200000000001
c561733244807b85c43bd2c80d73a010,player_threes,Mikal Bridges,BKN,MIL,williamhill_us,Over,-148,1.5,1628969.0,0.5967741935483871,0.6266,0.3734,0.029825806451612924,0.049978378378378485,0.07396799999999999
3c3c738f07b810f0337a07b263528a04,player_threes,Desmond Bane,MEM,LAL,betonlineag,Over,-122,2.5,1630217.0,0.5495495495495496,0.5769,0.4231,0.02735045045045037,0.0497688524590163,0.0607179999999999
30f8e1bcf9f78e431692d16159641c19,player_threes,Zach Collins,SAS,UTA,betonlineag,Under,115,0.5,1628380.0,0.4651162790697675,0.5125,0.4875,0.022383720930232498,0.04812499999999997,0.0418478260869565
30f8e1bcf9f78e431692d16159641c19,player_threes,Zach Collins,SAS,UTA,draftkings,Under,115,0.5,1628380.0,0.4651162790697675,0.5125,0.4875,0.022383720930232498,0.04812499999999997,0.0418478260869565
e11e960cb8a468eeb86243d14ff0e115,player_threes,Kawhi Leonard,LAC,MIN,williamhill_us,Under,-199,2.5,202695.0,0.6655518394648829,0.307,0.693,0.027448160535117005,0.04124120603015058,0.08206999999999988
c561733244807b85c43bd2c80d73a010,player_threes,Giannis Antetokounmpo,MIL,BKN,betonlineag,Under,131,0.5,203507.0,0.4329004329004329,0.5493,0.4507,0.017799567099567093,0.04111700000000007,0.031387022900763326
e11e960cb8a468eeb86243d14ff0e115,player_threes,Kawhi Leonard,LAC,MIN,betonlineag,Under,-200,2.5,202695.0,0.6666666666666666,0.307,0.693,0.02633333333333332,0.03950000000000009,0.07899999999999996
fc178222336741efa9b18e57bac932c4,player_threes,Alex Caruso,CHI,TOR,williamhill_us,Over,-137,0.5,1627936.0,0.5780590717299579,0.5999,0.4001,0.021840928270042137,0.03778321167883192,0.05176299999999982
c561733244807b85c43bd2c80d73a010,player_threes,Giannis Antetokounmpo,MIL,BKN,draftkings,Under,130,0.5,203507.0,0.4347826086956522,0.5493,0.4507,0.015917391304347772,0.03660999999999981,0.028161538461538405
e11e960cb8a468eeb86243d14ff0e115,player_threes,Paul George,LAC,MIN,draftkings,Over,-145,2.5,202331.0,0.5918367346938775,0.6126,0.3874,0.02076326530612249,0.03508275862068966,0.05087
3c3c738f07b810f0337a07b263528a04,player_threes,Jaren Jackson Jr.,MEM,LAL,fanduel,Over,132,1.5,1628991.0,0.43103448275862066,0.4459,0.5541,0.014865517241379356,0.034488000000000074,0.026127272727272777
2f5a74d16e351bb6bfd69edb4d609d2d,player_threes,Jalen Williams,OKC,SAC,williamhill_us,Under,143,0.5,1631114.0,0.411522633744856,0.5745,0.4255,0.013977366255144008,0.03396500000000002,0.02375174825174812
c561733244807b85c43bd2c80d73a010,player_threes,Mikal Bridges,BKN,MIL,betonlineag,Over,-154,1.5,1628969.0,0.6062992125984252,0.6266,0.3734,0.020300787401574816,0.03348311688311689,0.05156400000000001
c561733244807b85c43bd2c80d73a010,player_threes,Cameron Johnson,BKN,MIL,betonlineag,Under,-152,2.5,1629661.0,0.6031746031746031,0.3776,0.6224,0.019225396825396812,0.031873684210526276,0.04844800000000002
fc178222336741efa9b18e57bac932c4,player_threes,Alex Caruso,CHI,TOR,betonlineag,Over,-139,0.5,1627936.0,0.5815899581589958,0.5999,0.4001,0.018310041841004154,0.031482733812949526,0.04376099999999992
c561733244807b85c43bd2c80d73a010,player_threes,Jrue Holiday,MIL,BKN,draftkings,Under,-140,2.5,201950.0,0.5833333333333334,0.3999,0.6001,0.016766666666666596,0.02874285714285696,0.0402399999999999
fc178222336741efa9b18e57bac932c4,player_threes,Alex Caruso,CHI,TOR,draftkings,Over,-140,0.5,1627936.0,0.5833333333333334,0.5999,0.4001,0.01656666666666662,0.02839999999999998,0.0397599999999999
7158a4d353ad76325413c04921290fbb,player_threes,Aaron Nesmith,IND,DAL,fanduel,Under,-158,1.5,1630174.0,0.6124031007751938,0.3711,0.6289,0.01649689922480624,0.026937974683544308,0.04256200000000009
3c3c738f07b810f0337a07b263528a04,player_threes,Ja Morant,MEM,LAL,williamhill_us,Over,108,1.5,1629630.0,0.4807692307692307,0.4936,0.5064,0.012830769230769257,0.026688000000000045,0.024711111111111152
e11e960cb8a468eeb86243d14ff0e115,player_threes,Paul George,LAC,MIN,betonlineag,Over,-149,2.5,202331.0,0.5983935742971888,0.6126,0.3874,0.014206425702811276,0.02374093959731538,0.03537399999999992
c561733244807b85c43bd2c80d73a010,player_threes,Mikal Bridges,BKN,MIL,fanduel,Over,-158,1.5,1628969.0,0.6124031007751938,0.6266,0.3734,0.01419689922480627,0.02318227848101273,0.03662800000000011
c561733244807b85c43bd2c80d73a010,player_threes,Jrue Holiday,MIL,BKN,fanduel,Under,-142,2.5,201950.0,0.5867768595041323,0.3999,0.6001,0.013323140495867691,0.02270563380281687,0.03224199999999996
fc178222336741efa9b18e57bac932c4,player_threes,Fred VanVleet,TOR,CHI,draftkings,Over,-140,2.5,1627832.0,0.5833333333333334,0.5962,0.4038,0.012866666666666582,0.022057142857142775,0.03087999999999989
e11e960cb8a468eeb86243d14ff0e115,player_threes,Paul George,LAC,MIN,fanduel,Over,-150,2.5,202331.0,0.6,0.6126,0.3874,0.012600000000000056,0.02100000000000013,0.03150000000000002
3c3c738f07b810f0337a07b263528a04,player_threes,Desmond Bane,MEM,LAL,fanduel,Over,-130,2.5,1630217.0,0.5652173913043478,0.5769,0.4231,0.011682608695652186,0.020669230769230884,0.026870000000000144
c561733244807b85c43bd2c80d73a010,player_threes,Jrue Holiday,MIL,BKN,betonlineag,Under,-143,2.5,201950.0,0.588477366255144,0.3999,0.6001,0.011622633744855948,0.01975034965034972,0.028243000000000094
7158a4d353ad76325413c04921290fbb,player_threes,Aaron Nesmith,IND,DAL,betonlineag,Under,-161,1.5,1630174.0,0.6168582375478927,0.3711,0.6289,0.012041762452107307,0.0195211180124224,0.03142900000000006
fc178222336741efa9b18e57bac932c4,player_threes,Fred VanVleet,TOR,CHI,williamhill_us,Over,-142,2.5,1627832.0,0.5867768595041323,0.5962,0.4038,0.009423140495867677,0.016059154929577213,0.02280399999999996
30f8e1bcf9f78e431692d16159641c19,player_threes,Zach Collins,SAS,UTA,williamhill_us,Under,108,0.5,1628380.0,0.4807692307692307,0.5125,0.4875,0.006730769230769262,0.014000000000000012,0.012962962962962973
fc178222336741efa9b18e57bac932c4,player_threes,DeMar DeRozan,CHI,TOR,draftkings,Over,120,0.5,201942.0,0.4545454545454546,0.4608,0.5392,0.0062545454545454016,0.013759999999999772,0.011466666666666571
fc178222336741efa9b18e57bac932c4,player_threes,Alex Caruso,CHI,TOR,betmgm,Over,-145,0.5,1627936.0,0.5918367346938775,0.5999,0.4001,0.008063265306122447,0.013624137931034452,0.019755000000000036
3c3c738f07b810f0337a07b263528a04,player_threes,Anthony Davis,LAL,MEM,williamhill_us,Over,159,0.5,203076.0,0.3861003861003861,0.3912,0.6088,0.005099613899613886,0.013207999999999886,0.00830691823899364
7158a4d353ad76325413c04921290fbb,player_threes,Kyrie Irving,DAL,IND,draftkings,Over,140,3.5,202681.0,0.41666666666666663,0.4219,0.5781,0.005233333333333368,0.012560000000000127,0.00897142857142874
c561733244807b85c43bd2c80d73a010,player_threes,Cameron Johnson,BKN,MIL,williamhill_us,Under,-160,2.5,1629661.0,0.6153846153846154,0.3776,0.6224,0.0070153846153845345,0.011399999999999855,0.018239999999999944
40ba710673a5c06b9037192bd0062043,player_threes,Dejounte Murray,ATL,WAS,williamhill_us,Over,-135,1.5,1627749.0,0.574468085106383,0.5797,0.4203,0.005231914893616962,0.009107407407407342,0.012294999999999766
fc178222336741efa9b18e57bac932c4,player_threes,Fred VanVleet,TOR,CHI,betonlineag,Over,-145,2.5,1627832.0,0.5918367346938775,0.5962,0.4038,0.00436326530612241,0.007372413793103494,0.010689999999999984
40ba710673a5c06b9037192bd0062043,player_threes,Dejounte Murray,ATL,WAS,fanduel,Over,-136,1.5,1627749.0,0.576271186440678,0.5797,0.4203,0.003428813559322008,0.0059499999999999,0.008092000000000014
c561733244807b85c43bd2c80d73a010,player_threes,Giannis Antetokounmpo,MIL,BKN,williamhill_us,Under,123,0.5,203507.0,0.44843049327354256,0.5493,0.4507,0.0022695067264574265,0.005060999999999982,0.004114634146341449
3c3c738f07b810f0337a07b263528a04,player_threes,Jaren Jackson Jr.,MEM,LAL,draftkings,Over,125,1.5,1628991.0,0.4444444444444444,0.4459,0.5541,0.0014555555555555988,0.003275000000000139,0.0026200000000000225
0bd3aec04d34573803555d9163d4a33a,player_threes,Draymond Green,GSW,POR,betonlineag,Over,106,0.5,203110.0,0.4854368932038835,0.487,0.513,0.0015631067961164868,0.0032200000000000006,0.0030377358490566043
40ba710673a5c06b9037192bd0062043,player_threes,Dejounte Murray,ATL,WAS,betonlineag,Over,-137,1.5,1627749.0,0.5780590717299579,0.5797,0.4203,0.0016409282700421413,0.002838686131386714,0.0038889999999997993
0bd3aec04d34573803555d9163d4a33a,player_threes,Draymond Green,GSW,POR,draftkings,Over,105,0.5,203110.0,0.4878048780487805,0.487,0.513,-0.0008048780487804885,-0.0016500000000000403,0.0
2f5a74d16e351bb6bfd69edb4d609d2d,player_threes,Josh Giddey,OKC,SAC,draftkings,Over,-150,0.5,1630581.0,0.6,0.5978,0.4022,-0.0021999999999999797,-0.003666666666666596,0.0
e11e960cb8a468eeb86243d14ff0e115,player_threes,Paul George,LAC,MIN,williamhill_us,Over,-160,2.5,202331.0,0.6153846153846154,0.6126,0.3874,-0.0027846153846153854,-0.004525000000000001,0.0
40ba710673a5c06b9037192bd0062043,player_threes,Dejounte Murray,ATL,WAS,draftkings,Over,-140,1.5,1627749.0,0.5833333333333334,0.5797,0.4203,-0.0036333333333333773,-0.006228571428571472,0.0
fc178222336741efa9b18e57bac932c4,player_threes,Fred VanVleet,TOR,CHI,fanduel,Over,-150,2.5,1627832.0,0.6,0.5962,0.4038,-0.0038000000000000256,-0.006333333333333413,0.0
3c3c738f07b810f0337a07b263528a04,player_threes,Jaren Jackson Jr.,MEM,LAL,betonlineag,Over,122,1.5,1628991.0,0.4504504504504504,0.4459,0.5541,-0.004550450450450383,-0.010101999999999833,0.0
c561733244807b85c43bd2c80d73a010,player_threes,Jrue Holiday,MIL,BKN,williamhill_us,Under,-154,2.5,201950.0,0.6062992125984252,0.3999,0.6001,-0.006199212598425263,-0.010224675324675414,0.0
c561733244807b85c43bd2c80d73a010,player_threes,Brook Lopez,MIL,BKN,fanduel,Over,-104,1.5,201572.0,0.5098039215686274,0.5043,0.4957,-0.005503921568627446,-0.010796153846153844,0.0
7158a4d353ad76325413c04921290fbb,player_threes,Aaron Nesmith,IND,DAL,draftkings,Under,-175,1.5,1630174.0,0.6363636363636364,0.3711,0.6289,-0.007463636363636339,-0.011728571428571422,0.0
3c3c738f07b810f0337a07b263528a04,player_threes,Dennis Schroder,LAL,MEM,draftkings,Under,-205,1.5,203471.0,0.6721311475409836,0.3366,0.6634,-0.008731147540983586,-0.01299024390243897,0.0
fc178222336741efa9b18e57bac932c4,player_threes,Zach LaVine,CHI,TOR,williamhill_us,Over,-113,2.5,203897.0,0.5305164319248826,0.522,0.478,-0.008516431924882606,-0.016053097345132716,0.0
fc178222336741efa9b18e57bac932c4,player_threes,Zach LaVine,CHI,TOR,fanduel,Over,-113,2.5,203897.0,0.5305164319248826,0.522,0.478,-0.008516431924882606,-0.016053097345132716,0.0
0bd3aec04d34573803555d9163d4a33a,player_threes,Draymond Green,GSW,POR,williamhill_us,Over,102,0.5,203110.0,0.49504950495049505,0.487,0.513,-0.008049504950495057,-0.016260000000000052,0.0
2f5a74d16e351bb6bfd69edb4d609d2d,player_threes,Josh Giddey,OKC,SAC,betmgm,Over,-155,0.5,1630581.0,0.6078431372549019,0.5978,0.4022,-0.010043137254901913,-0.01652258064516121,0.0
7158a4d353ad76325413c04921290fbb,player_threes,Tyrese Haliburton,IND,DAL,fanduel,Under,-138,2.5,1630169.0,0.5798319327731093,0.4316,0.5684,-0.011431932773109277,-0.019715942028985523,0.0
7158a4d353ad76325413c04921290fbb,player_threes,Aaron Nesmith,IND,DAL,williamhill_us,Under,-179,1.5,1630174.0,0.6415770609318996,0.3711,0.6289,-0.012677060931899575,-0.019759217877094892,0.0
c561733244807b85c43bd2c80d73a010,player_threes,Brook Lopez,MIL,BKN,betonlineag,Over,-106,1.5,201572.0,0.5145631067961165,0.5043,0.4957,-0.010263106796116528,-0.019945283018868,0.0
fc178222336741efa9b18e57bac932c4,player_threes,Zach LaVine,CHI,TOR,betonlineag,Over,-114,2.5,203897.0,0.5327102803738317,0.522,0.478,-0.010710280373831704,-0.020105263157894626,0.0
fc178222336741efa9b18e57bac932c4,player_threes,Pascal Siakam,TOR,CHI,fanduel,Under,-122,1.5,1627783.0,0.5495495495495496,0.4622,0.5378,-0.011749549549549654,-0.02138032786885269,0.0
fc178222336741efa9b18e57bac932c4,player_threes,Pascal Siakam,TOR,CHI,betonlineag,Under,-122,1.5,1627783.0,0.5495495495495496,0.4622,0.5378,-0.011749549549549654,-0.02138032786885269,0.0
2f5a74d16e351bb6bfd69edb4d609d2d,player_threes,Josh Giddey,OKC,SAC,williamhill_us,Over,-157,0.5,1630581.0,0.6108949416342413,0.5978,0.4022,-0.013094941634241297,-0.02143566878980896,0.0
fc178222336741efa9b18e57bac932c4,player_threes,Nikola Vucevic,CHI,TOR,fanduel,Over,102,1.5,202696.0,0.49504950495049505,0.4837,0.5163,-0.011349504950495026,-0.022926000000000002,0.0
fc178222336741efa9b18e57bac932c4,player_threes,Zach LaVine,CHI,TOR,draftkings,Over,-115,2.5,203897.0,0.5348837209302325,0.522,0.478,-0.01288372093023249,-0.024086956521738978,0.0
3c3c738f07b810f0337a07b263528a04,player_threes,Dennis Schroder,LAL,MEM,betonlineag,Under,-213,1.5,203471.0,0.6805111821086262,0.3366,0.6634,-0.017111182108626166,-0.025144600938967088,0.0
40ba710673a5c06b9037192bd0062043,player_threes,De'Andre Hunter,ATL,WAS,draftkings,Over,130,1.5,1629631.0,0.4347826086956522,0.4223,0.5777,-0.012482608695652209,-0.028710000000000124,0.0
40ba710673a5c06b9037192bd0062043,player_threes,De'Andre Hunter,ATL,WAS,fanduel,Over,130,1.5,1629631.0,0.4347826086956522,0.4223,0.5777,-0.012482608695652209,-0.028710000000000124,0.0
fc178222336741efa9b18e57bac932c4,player_threes,Pascal Siakam,TOR,CHI,williamhill_us,Under,-125,1.5,1627783.0,0.5555555555555556,0.4622,0.5378,-0.017755555555555635,-0.0319600000000001,0.0
fc178222336741efa9b18e57bac932c4,player_threes,Pascal Siakam,TOR,CHI,draftkings,Under,-125,1.5,1627783.0,0.5555555555555556,0.4622,0.5378,-0.017755555555555635,-0.0319600000000001,0.0
fc178222336741efa9b18e57bac932c4,player_threes,DeMar DeRozan,CHI,TOR,betonlineag,Over,110,0.5,201942.0,0.47619047619047616,0.4608,0.5392,-0.015390476190476177,-0.032320000000000015,0.0
7158a4d353ad76325413c04921290fbb,player_threes,Kyrie Irving,DAL,IND,williamhill_us,Over,129,3.5,202681.0,0.4366812227074236,0.4219,0.5781,-0.014781222707423602,-0.03384900000000002,0.0
7158a4d353ad76325413c04921290fbb,player_threes,Tyrese Haliburton,IND,DAL,betonlineag,Under,-143,2.5,1630169.0,0.588477366255144,0.4316,0.5684,-0.020077366255144002,-0.03411748251748248,0.0
3c3c738f07b810f0337a07b263528a04,player_threes,Jaren Jackson Jr.,MEM,LAL,williamhill_us,Over,116,1.5,1628991.0,0.4629629629629629,0.4459,0.5541,-0.01706296296296289,-0.03685599999999989,0.0
c561733244807b85c43bd2c80d73a010,player_threes,Brook Lopez,MIL,BKN,draftkings,Over,-110,1.5,201572.0,0.5238095238095238,0.5043,0.4957,-0.019509523809523865,-0.03724545454545469,0.0
7158a4d353ad76325413c04921290fbb,player_threes,Tyrese Haliburton,IND,DAL,draftkings,Under,-145,2.5,1630169.0,0.5918367346938775,0.4316,0.5684,-0.023436734693877526,-0.03959999999999997,0.0
7158a4d353ad76325413c04921290fbb,player_threes,Luka Doncic,DAL,IND,draftkings,Under,-105,2.5,1629029.0,0.5121951219512195,0.511,0.489,-0.023195121951219533,-0.045285714285714374,0.0
40ba710673a5c06b9037192bd0062043,player_threes,De'Andre Hunter,ATL,WAS,betonlineag,Over,126,1.5,1629631.0,0.4424778761061947,0.4223,0.5777,-0.020177876106194703,-0.04560200000000003,0.0
7158a4d353ad76325413c04921290fbb,player_threes,Kyrie Irving,DAL,IND,betonlineag,Over,126,3.5,202681.0,0.4424778761061947,0.4219,0.5781,-0.020577876106194715,-0.04650600000000005,0.0
7158a4d353ad76325413c04921290fbb,player_threes,Kyrie Irving,DAL,IND,fanduel,Over,126,3.5,202681.0,0.4424778761061947,0.4219,0.5781,-0.020577876106194715,-0.04650600000000005,0.0
7158a4d353ad76325413c04921290fbb,player_threes,Tyrese Haliburton,IND,DAL,williamhill_us,Under,-148,2.5,1630169.0,0.5967741935483871,0.4316,0.5684,-0.028374193548387106,-0.04754594594594597,0.0
c561733244807b85c43bd2c80d73a010,player_threes,Brook Lopez,MIL,BKN,williamhill_us,Over,-113,1.5,201572.0,0.5305164319248826,0.5043,0.4957,-0.026216431924882655,-0.04941681415929211,0.0
7158a4d353ad76325413c04921290fbb,player_threes,Luka Doncic,DAL,IND,betonlineag,Under,-106,2.5,1629029.0,0.5145631067961165,0.511,0.489,-0.025563106796116508,-0.049679245283018925,0.0
3c3c738f07b810f0337a07b263528a04,player_threes,Dennis Schroder,LAL,MEM,williamhill_us,Under,-234,1.5,203471.0,0.7005988023952096,0.3366,0.6634,-0.03719880239520956,-0.05309572649572647,0.0
fc178222336741efa9b18e57bac932c4,player_threes,Nikola Vucevic,CHI,TOR,betmgm,Under,-120,1.5,202696.0,0.5454545454545454,0.4837,0.5163,-0.029154545454545433,-0.05345,0.0
fc178222336741efa9b18e57bac932c4,player_threes,Nikola Vucevic,CHI,TOR,betonlineag,Under,-120,1.5,202696.0,0.5454545454545454,0.4837,0.5163,-0.029154545454545433,-0.05345,0.0
fc178222336741efa9b18e57bac932c4,player_threes,Nikola Vucevic,CHI,TOR,draftkings,Under,-120,1.5,202696.0,0.5454545454545454,0.4837,0.5163,-0.029154545454545433,-0.05345,0.0
2f5a74d16e351bb6bfd69edb4d609d2d,player_threes,Josh Giddey,OKC,SAC,fanduel,Over,-172,0.5,1630581.0,0.6323529411764706,0.5978,0.4022,-0.034552941176470564,-0.05464186046511621,0.0
fc178222336741efa9b18e57bac932c4,player_threes,DeMar DeRozan,CHI,TOR,betmgm,Over,105,0.5,201942.0,0.4878048780487805,0.4608,0.5392,-0.02700487804878049,-0.055359999999999965,0.0
7158a4d353ad76325413c04921290fbb,player_threes,Luka Doncic,DAL,IND,fanduel,Over,-118,2.5,1629029.0,0.5412844036697247,0.511,0.489,-0.030284403669724735,-0.05594915254237287,0.0
7158a4d353ad76325413c04921290fbb,player_threes,Luka Doncic,DAL,IND,fanduel,Under,-108,2.5,1629029.0,0.5192307692307693,0.511,0.489,-0.030230769230769283,-0.058222222222222286,0.0
40ba710673a5c06b9037192bd0062043,player_threes,De'Andre Hunter,ATL,WAS,williamhill_us,Over,123,1.5,1629631.0,0.44843049327354256,0.4223,0.5777,-0.026130493273542554,-0.05827099999999985,0.0
2f5a74d16e351bb6bfd69edb4d609d2d,player_threes,Josh Giddey,OKC,SAC,fanduel,Under,134,0.5,1630581.0,0.4273504273504274,0.5978,0.4022,-0.025150427350427385,-0.058852000000000126,0.0
fc178222336741efa9b18e57bac932c4,player_threes,DeMar DeRozan,CHI,TOR,williamhill_us,Over,104,0.5,201942.0,0.4901960784313726,0.4608,0.5392,-0.029396078431372596,-0.05996800000000013,0.0
40ba710673a5c06b9037192bd0062043,player_threes,De'Andre Hunter,ATL,WAS,draftkings,Under,-160,1.5,1629631.0,0.6153846153846154,0.4223,0.5777,-0.03768461538461543,-0.061237500000000056,0.0
7158a4d353ad76325413c04921290fbb,player_threes,Luka Doncic,DAL,IND,williamhill_us,Under,-109,2.5,1629029.0,0.5215311004784688,0.511,0.489,-0.032531100478468855,-0.06237614678899073,0.0
fc178222336741efa9b18e57bac932c4,player_threes,Nikola Vucevic,CHI,TOR,williamhill_us,Under,-123,1.5,202696.0,0.5515695067264574,0.4837,0.5163,-0.035269506726457456,-0.06394390243902448,0.0
7158a4d353ad76325413c04921290fbb,player_threes,Kyrie Irving,DAL,IND,fanduel,Under,-162,3.5,202681.0,0.6183206106870229,0.4219,0.5781,-0.040220610687022984,-0.0650481481481483,0.0
fc178222336741efa9b18e57bac932c4,player_threes,Nikola Vucevic,CHI,TOR,betonlineag,Over,-108,1.5,202696.0,0.5192307692307693,0.4837,0.5163,-0.035530769230769255,-0.06842962962962962,0.0
7158a4d353ad76325413c04921290fbb,player_threes,Kyrie Irving,DAL,IND,betonlineag,Under,-164,3.5,202681.0,0.6212121212121212,0.4219,0.5781,-0.04311212121212127,-0.06940000000000013,0.0
40ba710673a5c06b9037192bd0062043,player_threes,De'Andre Hunter,ATL,WAS,betonlineag,Under,-164,1.5,1629631.0,0.6212121212121212,0.4223,0.5777,-0.043512121212121224,-0.07004390243902436,0.0
7158a4d353ad76325413c04921290fbb,player_threes,Luka Doncic,DAL,IND,betonlineag,Over,-122,2.5,1629029.0,0.5495495495495496,0.511,0.489,-0.03854954954954959,-0.07014754098360665,0.0
7158a4d353ad76325413c04921290fbb,player_threes,Tyrese Haliburton,IND,DAL,draftkings,Over,115,2.5,1630169.0,0.4651162790697675,0.4316,0.5684,-0.03351627906976751,-0.07206000000000012,0.0
40ba710673a5c06b9037192bd0062043,player_threes,De'Andre Hunter,ATL,WAS,fanduel,Under,-166,1.5,1629631.0,0.6240601503759399,0.4223,0.5777,-0.04636015037593988,-0.07428795180722891,0.0
fc178222336741efa9b18e57bac932c4,player_threes,Nikola Vucevic,CHI,TOR,draftkings,Over,-110,1.5,202696.0,0.5238095238095238,0.4837,0.5163,-0.04010952380952382,-0.07657272727272724,0.0
fc178222336741efa9b18e57bac932c4,player_threes,Nikola Vucevic,CHI,TOR,betmgm,Over,-110,1.5,202696.0,0.5238095238095238,0.4837,0.5163,-0.04010952380952382,-0.07657272727272724,0.0
7158a4d353ad76325413c04921290fbb,player_threes,Luka Doncic,DAL,IND,williamhill_us,Over,-125,2.5,1629029.0,0.5555555555555556,0.511,0.489,-0.04455555555555557,-0.08020000000000005,0.0
7158a4d353ad76325413c04921290fbb,player_threes,Luka Doncic,DAL,IND,draftkings,Over,-125,2.5,1629029.0,0.5555555555555556,0.511,0.489,-0.04455555555555557,-0.08020000000000005,0.0
40ba710673a5c06b9037192bd0062043,player_threes,De'Andre Hunter,ATL,WAS,williamhill_us,Under,-169,1.5,1629631.0,0.6282527881040892,0.4223,0.5777,-0.05055278810408925,-0.08046568047337288,0.0
fc178222336741efa9b18e57bac932c4,player_threes,Nikola Vucevic,CHI,TOR,williamhill_us,Over,-111,1.5,202696.0,0.5260663507109005,0.4837,0.5163,-0.04236635071090045,-0.08053423423423423,0.0
fc178222336741efa9b18e57bac932c4,player_threes,DeMar DeRozan,CHI,TOR,williamhill_us,Under,-142,0.5,201942.0,0.5867768595041323,0.4608,0.5392,-0.04757685950413226,-0.0810816901408451,0.0
fc178222336741efa9b18e57bac932c4,player_threes,DeMar DeRozan,CHI,TOR,betonlineag,Under,-143,0.5,201942.0,0.588477366255144,0.4608,0.5392,-0.049277366255144006,-0.08373706293706284,0.0
fc178222336741efa9b18e57bac932c4,player_threes,Nikola Vucevic,CHI,TOR,fanduel,Under,-130,1.5,202696.0,0.5652173913043478,0.4837,0.5163,-0.0489173913043478,-0.08654615384615383,0.0
3c3c738f07b810f0337a07b263528a04,player_threes,Jaren Jackson Jr.,MEM,LAL,draftkings,Under,-155,1.5,1628991.0,0.6078431372549019,0.4459,0.5541,-0.053743137254901874,-0.08841612903225793,0.0
fc178222336741efa9b18e57bac932c4,player_threes,DeMar DeRozan,CHI,TOR,betmgm,Under,-145,0.5,201942.0,0.5918367346938775,0.4608,0.5392,-0.05263673469387753,-0.08893793103448278,0.0
c561733244807b85c43bd2c80d73a010,player_threes,Brook Lopez,MIL,BKN,draftkings,Under,-120,1.5,201572.0,0.5454545454545454,0.5043,0.4957,-0.04975454545454544,-0.09121666666666661,0.0
7158a4d353ad76325413c04921290fbb,player_threes,Kyrie Irving,DAL,IND,draftkings,Under,-175,3.5,202681.0,0.6363636363636364,0.4219,0.5781,-0.058263636363636406,-0.09155714285714289,0.0
fc178222336741efa9b18e57bac932c4,player_threes,Pascal Siakam,TOR,CHI,fanduel,Over,-104,1.5,1627783.0,0.5098039215686274,0.4622,0.5378,-0.047603921568627416,-0.09337692307692302,0.0
7158a4d353ad76325413c04921290fbb,player_threes,Tyrese Haliburton,IND,DAL,betonlineag,Over,110,2.5,1630169.0,0.47619047619047616,0.4316,0.5684,-0.04459047619047618,-0.09363999999999995,0.0
c561733244807b85c43bd2c80d73a010,player_threes,Brook Lopez,MIL,BKN,williamhill_us,Under,-121,1.5,201572.0,0.5475113122171946,0.5043,0.4957,-0.05181131221719465,-0.09463057851239687,0.0
3c3c738f07b810f0337a07b263528a04,player_threes,Jaren Jackson Jr.,MEM,LAL,betonlineag,Under,-159,1.5,1628991.0,0.6138996138996139,0.4459,0.5541,-0.05979961389961386,-0.09740943396226409,0.0
fc178222336741efa9b18e57bac932c4,player_threes,Pascal Siakam,TOR,CHI,draftkings,Over,-105,1.5,1627783.0,0.5121951219512195,0.4622,0.5378,-0.04999512195121952,-0.09760952380952381,0.0
c561733244807b85c43bd2c80d73a010,player_threes,Brook Lopez,MIL,BKN,betonlineag,Under,-122,1.5,201572.0,0.5495495495495496,0.5043,0.4957,-0.053849549549549625,-0.09798852459016405,0.0
c561733244807b85c43bd2c80d73a010,player_threes,Brook Lopez,MIL,BKN,fanduel,Under,-122,1.5,201572.0,0.5495495495495496,0.5043,0.4957,-0.053849549549549625,-0.09798852459016405,0.0
7158a4d353ad76325413c04921290fbb,player_threes,Kyrie Irving,DAL,IND,williamhill_us,Under,-179,3.5,202681.0,0.6415770609318996,0.4219,0.5781,-0.06347706093189964,-0.09893910614525137,0.0
fc178222336741efa9b18e57bac932c4,player_threes,Zach LaVine,CHI,TOR,fanduel,Under,-113,2.5,203897.0,0.5305164319248826,0.522,0.478,-0.052516431924882645,-0.09899115044247786,0.0
3c3c738f07b810f0337a07b263528a04,player_threes,Jaren Jackson Jr.,MEM,LAL,williamhill_us,Under,-160,1.5,1628991.0,0.6153846153846154,0.4459,0.5541,-0.06128461538461538,-0.09958749999999994,0.0
fc178222336741efa9b18e57bac932c4,player_threes,DeMar DeRozan,CHI,TOR,draftkings,Under,-150,0.5,201942.0,0.6,0.4608,0.5392,-0.060799999999999965,-0.10133333333333328,0.0
fc178222336741efa9b18e57bac932c4,player_threes,Pascal Siakam,TOR,CHI,betonlineag,Over,-106,1.5,1627783.0,0.5145631067961165,0.4622,0.5378,-0.0523631067961165,-0.10176226415094336,0.0
7158a4d353ad76325413c04921290fbb,player_threes,Tyrese Haliburton,IND,DAL,fanduel,Over,108,2.5,1630169.0,0.4807692307692307,0.4316,0.5684,-0.04916923076923074,-0.10227199999999992,0.0
7158a4d353ad76325413c04921290fbb,player_threes,Tyrese Haliburton,IND,DAL,williamhill_us,Over,108,2.5,1630169.0,0.4807692307692307,0.4316,0.5684,-0.04916923076923074,-0.10227199999999992,0.0
fc178222336741efa9b18e57bac932c4,player_threes,Zach LaVine,CHI,TOR,betonlineag,Under,-114,2.5,203897.0,0.5327102803738317,0.522,0.478,-0.05471028037383174,-0.10270175438596485,0.0
fc178222336741efa9b18e57bac932c4,player_threes,Zach LaVine,CHI,TOR,draftkings,Under,-115,2.5,203897.0,0.5348837209302325,0.522,0.478,-0.05688372093023253,-0.10634782608695648,0.0
0bd3aec04d34573803555d9163d4a33a,player_threes,Draymond Green,GSW,POR,draftkings,Under,-135,0.5,203110.0,0.574468085106383,0.487,0.513,-0.06146808510638302,-0.1070000000000001,0.0
c561733244807b85c43bd2c80d73a010,player_threes,Giannis Antetokounmpo,MIL,BKN,draftkings,Over,-160,0.5,203507.0,0.6153846153846154,0.5493,0.4507,-0.06608461538461541,-0.10738750000000008,0.0
3c3c738f07b810f0337a07b263528a04,player_threes,Dennis Schroder,LAL,MEM,williamhill_us,Over,165,1.5,203471.0,0.37735849056603776,0.3366,0.6634,-0.04075849056603775,-0.10801000000000005,0.0
3c3c738f07b810f0337a07b263528a04,player_threes,Dennis Schroder,LAL,MEM,draftkings,Over,165,1.5,203471.0,0.37735849056603776,0.3366,0.6634,-0.04075849056603775,-0.10801000000000005,0.0
3c3c738f07b810f0337a07b263528a04,player_threes,Anthony Davis,LAL,MEM,draftkings,Under,-215,0.5,203076.0,0.6825396825396826,0.3912,0.6088,-0.07373968253968255,-0.10803720930232563,0.0
7158a4d353ad76325413c04921290fbb,player_threes,Aaron Nesmith,IND,DAL,draftkings,Over,140,1.5,1630174.0,0.41666666666666663,0.3711,0.6289,-0.045566666666666644,-0.1093599999999999,0.0
0bd3aec04d34573803555d9163d4a33a,player_threes,Draymond Green,GSW,POR,betonlineag,Under,-137,0.5,203110.0,0.5780590717299579,0.487,0.513,-0.06505907172995784,-0.11254744525547455,0.0
fc178222336741efa9b18e57bac932c4,player_threes,Pascal Siakam,TOR,CHI,williamhill_us,Over,-109,1.5,1627783.0,0.5215311004784688,0.4622,0.5378,-0.059331100478468846,-0.11376330275229352,0.0
2f5a74d16e351bb6bfd69edb4d609d2d,player_threes,Josh Giddey,OKC,SAC,draftkings,Under,120,0.5,1630581.0,0.4545454545454546,0.5978,0.4022,-0.052345454545454584,-0.11516000000000004,0.0
40ba710673a5c06b9037192bd0062043,player_threes,Dejounte Murray,ATL,WAS,draftkings,Under,110,1.5,1627749.0,0.47619047619047616,0.5797,0.4203,-0.05589047619047616,-0.11736999999999997,0.0
0bd3aec04d34573803555d9163d4a33a,player_threes,Draymond Green,GSW,POR,williamhill_us,Under,-139,0.5,203110.0,0.5815899581589958,0.487,0.513,-0.06858995815899582,-0.11793525179856112,0.0
3c3c738f07b810f0337a07b263528a04,player_threes,Anthony Davis,LAL,MEM,williamhill_us,Under,-224,0.5,203076.0,0.691358024691358,0.3912,0.6088,-0.08255802469135798,-0.1194142857142857,0.0
fc178222336741efa9b18e57bac932c4,player_threes,Fred VanVleet,TOR,CHI,fanduel,Under,118,2.5,1627832.0,0.45871559633027525,0.5962,0.4038,-0.05491559633027526,-0.11971600000000004,0.0
3c3c738f07b810f0337a07b263528a04,player_threes,Jaren Jackson Jr.,MEM,LAL,fanduel,Under,-170,1.5,1628991.0,0.6296296296296297,0.4459,0.5541,-0.07552962962962961,-0.11995882352941178,0.0
3c3c738f07b810f0337a07b263528a04,player_threes,Dennis Schroder,LAL,MEM,betonlineag,Over,161,1.5,203471.0,0.3831417624521073,0.3366,0.6634,-0.04654176245210728,-0.12147399999999997,0.0
2f5a74d16e351bb6bfd69edb4d609d2d,player_threes,Jalen Williams,OKC,SAC,draftkings,Over,-190,0.5,1631114.0,0.6551724137931034,0.5745,0.4255,-0.08067241379310341,-0.12313157894736837,0.0
c561733244807b85c43bd2c80d73a010,player_threes,Giannis Antetokounmpo,MIL,BKN,williamhill_us,Over,-169,0.5,203507.0,0.6282527881040892,0.5493,0.4507,-0.07895278810408923,-0.1256704142011834,0.0
fc178222336741efa9b18e57bac932c4,player_threes,Zach LaVine,CHI,TOR,williamhill_us,Under,-121,2.5,203897.0,0.5475113122171946,0.522,0.478,-0.06951131221719464,-0.12695867768595048,0.0
c561733244807b85c43bd2c80d73a010,player_threes,Giannis Antetokounmpo,MIL,BKN,betonlineag,Over,-172,0.5,203507.0,0.6323529411764706,0.5493,0.4507,-0.08305294117647055,-0.13133953488372085,0.0
30f8e1bcf9f78e431692d16159641c19,player_threes,Zach Collins,SAS,UTA,draftkings,Over,-145,0.5,1628380.0,0.5918367346938775,0.5125,0.4875,-0.07933673469387759,-0.1340517241379311,0.0
40ba710673a5c06b9037192bd0062043,player_threes,Dejounte Murray,ATL,WAS,betonlineag,Under,106,1.5,1627749.0,0.4854368932038835,0.5797,0.4203,-0.0651368932038835,-0.13418200000000002,0.0
40ba710673a5c06b9037192bd0062043,player_threes,Dejounte Murray,ATL,WAS,fanduel,Under,106,1.5,1627749.0,0.4854368932038835,0.5797,0.4203,-0.0651368932038835,-0.13418200000000002,0.0
2f5a74d16e351bb6bfd69edb4d609d2d,player_threes,Josh Giddey,OKC,SAC,betmgm,Under,115,0.5,1630581.0,0.4651162790697675,0.5978,0.4022,-0.06291627906976749,-0.1352700000000001,0.0
2f5a74d16e351bb6bfd69edb4d609d2d,player_threes,Jalen Williams,OKC,SAC,williamhill_us,Over,-199,0.5,1631114.0,0.6655518394648829,0.5745,0.4255,-0.09105183946488293,-0.13680653266331655,0.0
2f5a74d16e351bb6bfd69edb4d609d2d,player_threes,Jalen Williams,OKC,SAC,betmgm,Over,-200,0.5,1631114.0,0.6666666666666666,0.5745,0.4255,-0.09216666666666662,-0.13824999999999998,0.0
2f5a74d16e351bb6bfd69edb4d609d2d,player_threes,Josh Giddey,OKC,SAC,williamhill_us,Under,114,0.5,1630581.0,0.4672897196261683,0.5978,0.4022,-0.06508971962616827,-0.13929200000000008,0.0
30f8e1bcf9f78e431692d16159641c19,player_threes,Zach Collins,SAS,UTA,williamhill_us,Over,-148,0.5,1628380.0,0.5967741935483871,0.5125,0.4875,-0.08427419354838717,-0.14121621621621627,0.0
30f8e1bcf9f78e431692d16159641c19,player_threes,Zach Collins,SAS,UTA,betonlineag,Over,-149,0.5,1628380.0,0.5983935742971888,0.5125,0.4875,-0.0858935742971888,-0.1435402684563759,0.0
3c3c738f07b810f0337a07b263528a04,player_threes,Ja Morant,MEM,LAL,draftkings,Under,-145,1.5,1629630.0,0.5918367346938775,0.4936,0.5064,-0.08543673469387758,-0.14435862068965521,0.0
3c3c738f07b810f0337a07b263528a04,player_threes,Desmond Bane,MEM,LAL,fanduel,Under,102,2.5,1630217.0,0.49504950495049505,0.5769,0.4231,-0.07194950495049507,-0.14533800000000008,0.0
fc178222336741efa9b18e57bac932c4,player_threes,Fred VanVleet,TOR,CHI,betonlineag,Under,111,2.5,1627832.0,0.47393364928909953,0.5962,0.4038,-0.07013364928909954,-0.14798200000000006,0.0
3c3c738f07b810f0337a07b263528a04,player_threes,Ja Morant,MEM,LAL,betonlineag,Under,-147,1.5,1629630.0,0.5951417004048583,0.4936,0.5064,-0.08874170040485829,-0.14911020408163267,0.0
7158a4d353ad76325413c04921290fbb,player_threes,Aaron Nesmith,IND,DAL,williamhill_us,Over,129,1.5,1630174.0,0.4366812227074236,0.3711,0.6289,-0.06558122270742361,-0.15018100000000012,0.0
3c3c738f07b810f0337a07b263528a04,player_threes,Ja Morant,MEM,LAL,williamhill_us,Under,-148,1.5,1629630.0,0.5967741935483871,0.4936,0.5064,-0.09037419354838716,-0.15143783783783793,0.0
3c3c738f07b810f0337a07b263528a04,player_threes,Ja Morant,MEM,LAL,fanduel,Under,-148,1.5,1629630.0,0.5967741935483871,0.4936,0.5064,-0.09037419354838716,-0.15143783783783793,0.0
fc178222336741efa9b18e57bac932c4,player_threes,Fred VanVleet,TOR,CHI,draftkings,Under,110,2.5,1627832.0,0.47619047619047616,0.5962,0.4038,-0.07239047619047617,-0.15201999999999993,0.0
c561733244807b85c43bd2c80d73a010,player_threes,Jrue Holiday,MIL,BKN,williamhill_us,Over,112,2.5,201950.0,0.4716981132075472,0.3999,0.6001,-0.0717981132075472,-0.15221200000000001,0.0
c561733244807b85c43bd2c80d73a010,player_threes,Jrue Holiday,MIL,BKN,fanduel,Over,112,2.5,201950.0,0.4716981132075472,0.3999,0.6001,-0.0717981132075472,-0.15221200000000001,0.0
e11e960cb8a468eeb86243d14ff0e115,player_threes,Paul George,LAC,MIN,fanduel,Under,118,2.5,202331.0,0.45871559633027525,0.6126,0.3874,-0.07131559633027523,-0.15546800000000005,0.0
fc178222336741efa9b18e57bac932c4,player_threes,Alex Caruso,CHI,TOR,draftkings,Under,110,0.5,1627936.0,0.47619047619047616,0.5999,0.4001,-0.07609047619047615,-0.15978999999999988,0.0
c561733244807b85c43bd2c80d73a010,player_threes,Jrue Holiday,MIL,BKN,draftkings,Over,110,2.5,201950.0,0.47619047619047616,0.3999,0.6001,-0.07629047619047619,-0.16020999999999996,0.0
c561733244807b85c43bd2c80d73a010,player_threes,Jrue Holiday,MIL,BKN,betonlineag,Over,110,2.5,201950.0,0.47619047619047616,0.3999,0.6001,-0.07629047619047619,-0.16020999999999996,0.0
e11e960cb8a468eeb86243d14ff0e115,player_threes,Paul George,LAC,MIN,williamhill_us,Under,116,2.5,202331.0,0.4629629629629629,0.6126,0.3874,-0.07556296296296289,-0.1632159999999998,0.0
40ba710673a5c06b9037192bd0062043,player_threes,Dejounte Murray,ATL,WAS,williamhill_us,Under,-101,1.5,1627749.0,0.5024875621890548,0.5797,0.4203,-0.08218756218905476,-0.16356138613861393,0.0
c561733244807b85c43bd2c80d73a010,player_threes,Mikal Bridges,BKN,MIL,fanduel,Under,124,1.5,1628969.0,0.4464285714285714,0.6266,0.3734,-0.07302857142857139,-0.16358399999999995,0.0
e11e960cb8a468eeb86243d14ff0e115,player_threes,Paul George,LAC,MIN,betonlineag,Under,115,2.5,202331.0,0.4651162790697675,0.6126,0.3874,-0.07771627906976747,-0.16709000000000007,0.0
e11e960cb8a468eeb86243d14ff0e115,player_threes,Paul George,LAC,MIN,draftkings,Under,115,2.5,202331.0,0.4651162790697675,0.6126,0.3874,-0.07771627906976747,-0.16709000000000007,0.0
7158a4d353ad76325413c04921290fbb,player_threes,Aaron Nesmith,IND,DAL,betonlineag,Over,124,1.5,1630174.0,0.4464285714285714,0.3711,0.6289,-0.07532857142857141,-0.168736,0.0
7158a4d353ad76325413c04921290fbb,player_threes,Aaron Nesmith,IND,DAL,fanduel,Over,124,1.5,1630174.0,0.4464285714285714,0.3711,0.6289,-0.07532857142857141,-0.168736,0.0
fc178222336741efa9b18e57bac932c4,player_threes,Alex Caruso,CHI,TOR,betonlineag,Under,107,0.5,1627936.0,0.48309178743961356,0.5999,0.4001,-0.08299178743961355,-0.17179300000000008,0.0
fc178222336741efa9b18e57bac932c4,player_threes,Fred VanVleet,TOR,CHI,williamhill_us,Under,104,2.5,1627832.0,0.4901960784313726,0.5962,0.4038,-0.08639607843137259,-0.17624800000000007,0.0
3c3c738f07b810f0337a07b263528a04,player_threes,Desmond Bane,MEM,LAL,betonlineag,Under,-106,2.5,1630217.0,0.5145631067961165,0.5769,0.4231,-0.09146310679611652,-0.1777490566037736,0.0
fc178222336741efa9b18e57bac932c4,player_threes,Alex Caruso,CHI,TOR,betmgm,Under,105,0.5,1627936.0,0.4878048780487805,0.5999,0.4001,-0.08770487804878047,-0.17979499999999993,0.0
c561733244807b85c43bd2c80d73a010,player_threes,Cameron Johnson,BKN,MIL,betonlineag,Over,117,2.5,1629661.0,0.4608294930875576,0.3776,0.6224,-0.08322949308755762,-0.180608,0.0
3c3c738f07b810f0337a07b263528a04,player_threes,Malik Beasley,LAL,MEM,fanduel,Over,-128,3.5,1627736.0,0.5614035087719298,0.4587,0.5413,-0.1027035087719298,-0.18294062499999997,0.0
3c3c738f07b810f0337a07b263528a04,player_threes,Malik Beasley,LAL,MEM,betonlineag,Over,-128,3.5,1627736.0,0.5614035087719298,0.4587,0.5413,-0.1027035087719298,-0.18294062499999997,0.0
c561733244807b85c43bd2c80d73a010,player_threes,Cameron Johnson,BKN,MIL,williamhill_us,Over,116,2.5,1629661.0,0.4629629629629629,0.3776,0.6224,-0.08536296296296292,-0.18438399999999988,0.0
c561733244807b85c43bd2c80d73a010,player_threes,Mikal Bridges,BKN,MIL,betonlineag,Under,118,1.5,1628969.0,0.45871559633027525,0.6266,0.3734,-0.08531559633027525,-0.18598800000000004,0.0
40ba710673a5c06b9037192bd0062043,player_threes,Bradley Beal,WAS,ATL,draftkings,Over,-155,1.5,203078.0,0.6078431372549019,0.494,0.506,-0.11384313725490192,-0.18729032258064515,0.0
c561733244807b85c43bd2c80d73a010,player_threes,Cameron Johnson,BKN,MIL,draftkings,Over,115,2.5,1629661.0,0.4651162790697675,0.3776,0.6224,-0.0875162790697675,-0.1881600000000001,0.0
3c3c738f07b810f0337a07b263528a04,player_threes,Malik Beasley,LAL,MEM,draftkings,Over,-130,3.5,1627736.0,0.5652173913043478,0.4587,0.5413,-0.10651739130434779,-0.18845384615384608,0.0
3c3c738f07b810f0337a07b263528a04,player_threes,Desmond Bane,MEM,LAL,draftkings,Under,-110,2.5,1630217.0,0.5238095238095238,0.5769,0.4231,-0.10070952380952386,-0.19226363636363641,0.0
c561733244807b85c43bd2c80d73a010,player_threes,Mikal Bridges,BKN,MIL,draftkings,Under,115,1.5,1628969.0,0.4651162790697675,0.6266,0.3734,-0.09171627906976748,-0.1971900000000001,0.0
40ba710673a5c06b9037192bd0062043,player_threes,Bradley Beal,WAS,ATL,williamhill_us,Over,-160,1.5,203078.0,0.6153846153846154,0.494,0.506,-0.12138461538461542,-0.19725000000000004,0.0
2f5a74d16e351bb6bfd69edb4d609d2d,player_threes,Luguentz Dort,OKC,SAC,draftkings,Over,-190,1.5,1629652.0,0.6551724137931034,0.5245,0.4755,-0.13067241379310346,-0.1994473684210527,0.0
fc178222336741efa9b18e57bac932c4,player_threes,Alex Caruso,CHI,TOR,williamhill_us,Under,100,0.5,1627936.0,0.5,0.5999,0.4001,-0.09989999999999999,-0.19979999999999998,0.0
7158a4d353ad76325413c04921290fbb,player_threes,Buddy Hield,IND,DAL,fanduel,Over,100,3.5,1627741.0,0.5,0.3989,0.6011,-0.10110000000000002,-0.20220000000000005,0.0
7158a4d353ad76325413c04921290fbb,player_threes,Myles Turner,IND,DAL,draftkings,Over,-110,1.5,1626167.0,0.5238095238095238,0.4169,0.5831,-0.10690952380952384,-0.20410000000000006,0.0
2f5a74d16e351bb6bfd69edb4d609d2d,player_threes,Luguentz Dort,OKC,SAC,williamhill_us,Over,-199,1.5,1629652.0,0.6655518394648829,0.5245,0.4755,-0.14105183946488298,-0.2119321608040201,0.0
7158a4d353ad76325413c04921290fbb,player_threes,Myles Turner,IND,DAL,williamhill_us,Over,-113,1.5,1626167.0,0.5305164319248826,0.4169,0.5831,-0.11361643192488263,-0.2141619469026549,0.0
30f8e1bcf9f78e431692d16159641c19,player_threes,Kelly Olynyk,UTA,SAS,fanduel,Over,-115,1.5,203482.0,0.5348837209302325,0.4192,0.5808,-0.11568372093023249,-0.21627826086956514,0.0
e11e960cb8a468eeb86243d14ff0e115,player_threes,Kawhi Leonard,LAC,MIN,draftkings,Over,155,2.5,202695.0,0.3921568627450981,0.307,0.693,-0.0851568627450981,-0.21715000000000007,0.0
40ba710673a5c06b9037192bd0062043,player_threes,Bradley Beal,WAS,ATL,betonlineag,Over,-172,1.5,203078.0,0.6323529411764706,0.494,0.506,-0.13835294117647057,-0.2187906976744186,0.0
2f5a74d16e351bb6bfd69edb4d609d2d,player_threes,Luguentz Dort,OKC,SAC,fanduel,Over,-205,1.5,1629652.0,0.6721311475409836,0.5245,0.4755,-0.1476311475409836,-0.21964634146341466,0.0
7158a4d353ad76325413c04921290fbb,player_threes,Myles Turner,IND,DAL,betonlineag,Over,-115,1.5,1626167.0,0.5348837209302325,0.4169,0.5831,-0.11798372093023252,-0.2205782608695651,0.0
3c3c738f07b810f0337a07b263528a04,player_threes,Desmond Bane,MEM,LAL,williamhill_us,Under,-119,2.5,1630217.0,0.54337899543379,0.5769,0.4231,-0.12027899543379,-0.2213537815126051,0.0
40ba710673a5c06b9037192bd0062043,player_threes,Bradley Beal,WAS,ATL,fanduel,Over,-174,1.5,203078.0,0.635036496350365,0.494,0.506,-0.14103649635036497,-0.22209195402298854,0.0
c561733244807b85c43bd2c80d73a010,player_threes,Mikal Bridges,BKN,MIL,williamhill_us,Under,108,1.5,1628969.0,0.4807692307692307,0.6266,0.3734,-0.10736923076923072,-0.22332799999999986,0.0
7158a4d353ad76325413c04921290fbb,player_threes,Buddy Hield,IND,DAL,betonlineag,Over,-106,3.5,1627741.0,0.5145631067961165,0.3989,0.6011,-0.11566310679611652,-0.22477924528301896,0.0
3c3c738f07b810f0337a07b263528a04,player_threes,Malik Beasley,LAL,MEM,williamhill_us,Over,-145,3.5,1627736.0,0.5918367346938775,0.4587,0.5413,-0.13313673469387755,-0.22495517241379315,0.0
e11e960cb8a468eeb86243d14ff0e115,player_threes,Kawhi Leonard,LAC,MIN,betonlineag,Over,152,2.5,202695.0,0.39682539682539686,0.307,0.693,-0.08982539682539686,-0.22636000000000012,0.0
40ba710673a5c06b9037192bd0062043,player_threes,Trae Young,ATL,WAS,draftkings,Over,145,2.5,1629027.0,0.40816326530612246,0.3156,0.6844,-0.09256326530612247,-0.2267800000000001,0.0
30f8e1bcf9f78e431692d16159641c19,player_threes,Kelly Olynyk,UTA,SAS,betonlineag,Over,-119,1.5,203482.0,0.54337899543379,0.4192,0.5808,-0.12417899543378996,-0.22853109243697478,0.0
30f8e1bcf9f78e431692d16159641c19,player_threes,Kelly Olynyk,UTA,SAS,draftkings,Over,-120,1.5,203482.0,0.5454545454545454,0.4192,0.5808,-0.1262545454545454,-0.2314666666666666,0.0
0bd3aec04d34573803555d9163d4a33a,player_threes,Jerami Grant,POR,GSW,draftkings,Under,140,1.5,203924.0,0.41666666666666663,0.6802,0.3198,-0.09686666666666666,-0.23248000000000002,0.0
e11e960cb8a468eeb86243d14ff0e115,player_threes,Kawhi Leonard,LAC,MIN,fanduel,Over,150,2.5,202695.0,0.4,0.307,0.693,-0.09300000000000003,-0.23250000000000004,0.0
3c3c738f07b810f0337a07b263528a04,player_threes,Dillon Brooks,MEM,LAL,williamhill_us,Under,-139,1.5,1628415.0,0.5815899581589958,0.5539,0.4461,-0.13548995815899584,-0.23296474820143886,0.0
30f8e1bcf9f78e431692d16159641c19,player_threes,Kelly Olynyk,UTA,SAS,williamhill_us,Over,-121,1.5,203482.0,0.5475113122171946,0.4192,0.5808,-0.1283113122171946,-0.23435371900826452,0.0
3c3c738f07b810f0337a07b263528a04,player_threes,Dillon Brooks,MEM,LAL,draftkings,Under,-140,1.5,1628415.0,0.5833333333333334,0.5539,0.4461,-0.13723333333333337,-0.23525714285714294,0.0
7158a4d353ad76325413c04921290fbb,player_threes,Buddy Hield,IND,DAL,draftkings,Over,-110,3.5,1627741.0,0.5238095238095238,0.3989,0.6011,-0.12490952380952386,-0.23846363636363643,0.0
7158a4d353ad76325413c04921290fbb,player_threes,Myles Turner,IND,DAL,fanduel,Over,-122,1.5,1626167.0,0.5495495495495496,0.4169,0.5831,-0.1326495495495496,-0.2413786885245902,0.0
7158a4d353ad76325413c04921290fbb,player_threes,Buddy Hield,IND,DAL,williamhill_us,Over,-111,3.5,1627741.0,0.5260663507109005,0.3989,0.6011,-0.1271663507109005,-0.24173063063063072,0.0
0bd3aec04d34573803555d9163d4a33a,player_threes,Jordan Poole,GSW,POR,draftkings,Over,-155,2.5,1629673.0,0.6078431372549019,0.4595,0.5405,-0.1483431372549019,-0.24404838709677412,0.0
3c3c738f07b810f0337a07b263528a04,player_threes,Dillon Brooks,MEM,LAL,betonlineag,Under,-145,1.5,1628415.0,0.5918367346938775,0.5539,0.4461,-0.14573673469387755,-0.24624482758620692,0.0
0bd3aec04d34573803555d9163d4a33a,player_threes,Damian Lillard,POR,GSW,betonlineag,Over,-141,4.5,203081.0,0.5850622406639004,0.4403,0.5597,-0.14476224066390042,-0.2474304964539007,0.0
30f8e1bcf9f78e431692d16159641c19,player_threes,Keldon Johnson,SAS,UTA,draftkings,Under,-135,1.5,1629640.0,0.574468085106383,0.5699,0.4301,-0.14436808510638305,-0.25130740740740753,0.0
3c3c738f07b810f0337a07b263528a04,player_threes,Dillon Brooks,MEM,LAL,fanduel,Under,-148,1.5,1628415.0,0.5967741935483871,0.5539,0.4461,-0.15067419354838713,-0.25248108108108114,0.0
0bd3aec04d34573803555d9163d4a33a,player_threes,Jordan Poole,GSW,POR,williamhill_us,Over,-160,2.5,1629673.0,0.6153846153846154,0.4595,0.5405,-0.1558846153846154,-0.25331250000000005,0.0
e11e960cb8a468eeb86243d14ff0e115,player_threes,Kawhi Leonard,LAC,MIN,williamhill_us,Over,143,2.5,202695.0,0.411522633744856,0.307,0.693,-0.10452263374485599,-0.25399000000000005,0.0
40ba710673a5c06b9037192bd0062043,player_threes,Trae Young,ATL,WAS,fanduel,Over,136,2.5,1629027.0,0.423728813559322,0.3156,0.6844,-0.10812881355932202,-0.25518399999999997,0.0
40ba710673a5c06b9037192bd0062043,player_threes,Trae Young,ATL,WAS,betonlineag,Over,136,2.5,1629027.0,0.423728813559322,0.3156,0.6844,-0.10812881355932202,-0.25518399999999997,0.0
30f8e1bcf9f78e431692d16159641c19,player_threes,Keldon Johnson,SAS,UTA,betonlineag,Under,-137,1.5,1629640.0,0.5780590717299579,0.5699,0.4301,-0.14795907172995787,-0.2559583941605841,0.0
0bd3aec04d34573803555d9163d4a33a,player_threes,Damian Lillard,POR,GSW,draftkings,Over,-145,4.5,203081.0,0.5918367346938775,0.4403,0.5597,-0.15153673469387752,-0.25604482758620684,0.0
0bd3aec04d34573803555d9163d4a33a,player_threes,Damian Lillard,POR,GSW,williamhill_us,Over,-148,4.5,203081.0,0.5967741935483871,0.4403,0.5597,-0.1564741935483871,-0.2622,0.0
30f8e1bcf9f78e431692d16159641c19,player_threes,Keldon Johnson,SAS,UTA,fanduel,Under,-140,1.5,1629640.0,0.5833333333333334,0.5699,0.4301,-0.1532333333333334,-0.2626857142857144,0.0
0bd3aec04d34573803555d9163d4a33a,player_threes,Jordan Poole,GSW,POR,betonlineag,Over,-167,2.5,1629673.0,0.6254681647940075,0.4595,0.5405,-0.16596816479400744,-0.2653502994011976,0.0
30f8e1bcf9f78e431692d16159641c19,player_threes,Keldon Johnson,SAS,UTA,williamhill_us,Under,-142,1.5,1629640.0,0.5867768595041323,0.5699,0.4301,-0.1566768595041323,-0.26701267605633816,0.0
0bd3aec04d34573803555d9163d4a33a,player_threes,Jerami Grant,POR,GSW,williamhill_us,Under,129,1.5,203924.0,0.4366812227074236,0.6802,0.3198,-0.11688122270742363,-0.26765800000000006,0.0
0bd3aec04d34573803555d9163d4a33a,player_threes,Cam Reddish,POR,GSW,draftkings,Under,-105,1.5,1629629.0,0.5121951219512195,0.6279,0.3721,-0.14009512195121954,-0.27351904761904766,0.0
40ba710673a5c06b9037192bd0062043,player_threes,Trae Young,ATL,WAS,williamhill_us,Over,129,2.5,1629027.0,0.4366812227074236,0.3156,0.6844,-0.12108122270742361,-0.2772760000000001,0.0
e11e960cb8a468eeb86243d14ff0e115,player_threes,Jaden McDaniels,MIN,LAC,draftkings,Under,-145,1.5,1630183.0,0.5918367346938775,0.5754,0.4246,-0.16723673469387756,-0.2825724137931035,0.0
e11e960cb8a468eeb86243d14ff0e115,player_threes,Jaden McDaniels,MIN,LAC,williamhill_us,Under,-145,1.5,1630183.0,0.5918367346938775,0.5754,0.4246,-0.16723673469387756,-0.2825724137931035,0.0
0bd3aec04d34573803555d9163d4a33a,player_threes,Cam Reddish,POR,GSW,betonlineag,Under,-110,1.5,1629629.0,0.5238095238095238,0.6279,0.3721,-0.15170952380952385,-0.28962727272727284,0.0
0bd3aec04d34573803555d9163d4a33a,player_threes,Cam Reddish,POR,GSW,williamhill_us,Under,-111,1.5,1629629.0,0.5260663507109005,0.6279,0.3721,-0.15396635071090048,-0.29267477477477477,0.0
0bd3aec04d34573803555d9163d4a33a,player_threes,Cam Reddish,POR,GSW,fanduel,Under,-111,1.5,1629629.0,0.5260663507109005,0.6279,0.3721,-0.15396635071090048,-0.29267477477477477,0.0
327fcaf3f07c234562bf8d48ebcd6120,player_threes,Jalen Green,HOU,DEN,fanduel,Over,-138,2.5,1630224.0,0.5798319327731093,0.4083,0.5917,-0.1715319327731093,-0.29583043478260873,0.0
e11e960cb8a468eeb86243d14ff0e115,player_threes,Jaden McDaniels,MIN,LAC,betonlineag,Under,-152,1.5,1630183.0,0.6031746031746031,0.5754,0.4246,-0.17857460317460316,-0.2960578947368421,0.0
30f8e1bcf9f78e431692d16159641c19,player_threes,Lauri Markkanen,UTA,SAS,fanduel,Over,100,3.5,1628374.0,0.5,0.3508,0.6492,-0.1492,-0.2984,0.0
e11e960cb8a468eeb86243d14ff0e115,player_threes,Jaden McDaniels,MIN,LAC,betmgm,Under,-155,1.5,1630183.0,0.6078431372549019,0.5754,0.4246,-0.18324313725490193,-0.30146451612903225,0.0
e11e960cb8a468eeb86243d14ff0e115,player_threes,Jaden McDaniels,MIN,LAC,fanduel,Under,-156,1.5,1630183.0,0.609375,0.5754,0.4246,-0.18477500000000002,-0.3032205128205129,0.0
30f8e1bcf9f78e431692d16159641c19,player_threes,Lauri Markkanen,UTA,SAS,betonlineag,Over,-102,3.5,1628374.0,0.504950495049505,0.3508,0.6492,-0.15415049504950495,-0.30527843137254906,0.0
30f8e1bcf9f78e431692d16159641c19,player_threes,Lauri Markkanen,UTA,SAS,draftkings,Over,-105,3.5,1628374.0,0.5121951219512195,0.3508,0.6492,-0.16139512195121952,-0.3151047619047619,0.0
30f8e1bcf9f78e431692d16159641c19,player_threes,Lauri Markkanen,UTA,SAS,williamhill_us,Over,-106,3.5,1628374.0,0.5145631067961165,0.3508,0.6492,-0.1637631067961165,-0.3182566037735849,0.0
0bd3aec04d34573803555d9163d4a33a,player_threes,Klay Thompson,GSW,POR,draftkings,Over,-155,4.5,202691.0,0.6078431372549019,0.3994,0.6006,-0.20844313725490193,-0.34292258064516123,0.0
0bd3aec04d34573803555d9163d4a33a,player_threes,Klay Thompson,GSW,POR,williamhill_us,Over,-160,4.5,202691.0,0.6153846153846154,0.3994,0.6006,-0.21598461538461544,-0.35097500000000004,0.0
e11e960cb8a468eeb86243d14ff0e115,player_threes,Anthony Edwards,MIN,LAC,betonlineag,Under,135,2.5,1630162.0,0.42553191489361697,0.7401,0.2599,-0.16563191489361695,-0.3892349999999999,0.0
e11e960cb8a468eeb86243d14ff0e115,player_threes,Anthony Edwards,MIN,LAC,draftkings,Under,135,2.5,1630162.0,0.42553191489361697,0.7401,0.2599,-0.16563191489361695,-0.3892349999999999,0.0
e11e960cb8a468eeb86243d14ff0e115,player_threes,Mike Conley,MIN,LAC,betonlineag,Under,141,1.5,201144.0,0.41493775933609955,0.7482,0.2518,-0.16313775933609953,-0.3931619999999999,0.0
e11e960cb8a468eeb86243d14ff0e115,player_threes,Mike Conley,MIN,LAC,draftkings,Under,140,1.5,201144.0,0.41666666666666663,0.7482,0.2518,-0.1648666666666666,-0.3956799999999999,0.0
e11e960cb8a468eeb86243d14ff0e115,player_threes,Anthony Edwards,MIN,LAC,betmgm,Under,130,2.5,1630162.0,0.4347826086956522,0.7401,0.2599,-0.1748826086956522,-0.40223,0.0
e11e960cb8a468eeb86243d14ff0e115,player_threes,Mike Conley,MIN,LAC,williamhill_us,Under,136,1.5,201144.0,0.423728813559322,0.7482,0.2518,-0.171928813559322,-0.4057519999999999,0.0
e11e960cb8a468eeb86243d14ff0e115,player_threes,Anthony Edwards,MIN,LAC,williamhill_us,Under,120,2.5,1630162.0,0.4545454545454546,0.7401,0.2599,-0.19464545454545457,-0.42822000000000005,0.0
40ba710673a5c06b9037192bd0062043,player_threes,Kyle Kuzma,WAS,ATL,fanduel,Over,144,3.5,1628398.0,0.4098360655737705,0.2262,0.7738,-0.1836360655737705,-0.448072,0.0
327fcaf3f07c234562bf8d48ebcd6120,player_threes,Nikola Jokic,DEN,HOU,betonlineag,Under,-123,0.5,203999.0,0.5515695067264574,0.6985,0.3015,-0.25006950672645745,-0.4533780487804878,0.0
327fcaf3f07c234562bf8d48ebcd6120,player_threes,Nikola Jokic,DEN,HOU,draftkings,Under,-125,0.5,203999.0,0.5555555555555556,0.6985,0.3015,-0.2540555555555556,-0.45730000000000004,0.0
327fcaf3f07c234562bf8d48ebcd6120,player_threes,Nikola Jokic,DEN,HOU,williamhill_us,Under,-127,0.5,203999.0,0.5594713656387665,0.6985,0.3015,-0.25797136563876655,-0.4610984251968504,0.0
30f8e1bcf9f78e431692d16159641c19,player_threes,Malaki Branham,SAS,UTA,williamhill_us,Over,-127,1.5,1631103.0,0.5594713656387665,0.2867,0.7133,-0.2727713656387665,-0.487551968503937,0.0
30f8e1bcf9f78e431692d16159641c19,player_threes,Malaki Branham,SAS,UTA,draftkings,Over,-130,1.5,1631103.0,0.5652173913043478,0.2867,0.7133,-0.2785173913043478,-0.49276153846153836,0.0
c561733244807b85c43bd2c80d73a010,player_threes,Spencer Dinwiddie,BKN,MIL,draftkings,Over,140,2.5,203915.0,0.41666666666666663,0.2102,0.7898,-0.20646666666666663,-0.49551999999999996,0.0
30f8e1bcf9f78e431692d16159641c19,player_threes,Malaki Branham,SAS,UTA,betonlineag,Over,-133,1.5,1631103.0,0.5708154506437768,0.2867,0.7133,-0.2841154506437768,-0.49773609022556387,0.0
e11e960cb8a468eeb86243d14ff0e115,player_threes,Kyle Anderson,MIN,LAC,draftkings,Under,-110,0.5,203937.0,0.5238095238095238,0.7389,0.2611,-0.26270952380952384,-0.5015363636363637,0.0
e11e960cb8a468eeb86243d14ff0e115,player_threes,Kyle Anderson,MIN,LAC,williamhill_us,Under,-113,0.5,203937.0,0.5305164319248826,0.7389,0.2611,-0.2694164319248826,-0.5078380530973452,0.0
30f8e1bcf9f78e431692d16159641c19,player_threes,Malaki Branham,SAS,UTA,fanduel,Over,-140,1.5,1631103.0,0.5833333333333334,0.2867,0.7133,-0.29663333333333336,-0.5085142857142857,0.0
e11e960cb8a468eeb86243d14ff0e115,player_threes,Kyle Anderson,MIN,LAC,betonlineag,Under,-114,0.5,203937.0,0.5327102803738317,0.7389,0.2611,-0.2716102803738317,-0.5098649122807017,0.0
e11e960cb8a468eeb86243d14ff0e115,player_threes,Kyle Anderson,MIN,LAC,betmgm,Under,-115,0.5,203937.0,0.5348837209302325,0.7389,0.2611,-0.2737837209302325,-0.5118565217391304,0.0
c561733244807b85c43bd2c80d73a010,player_threes,Spencer Dinwiddie,BKN,MIL,betonlineag,Over,130,2.5,203915.0,0.4347826086956522,0.2102,0.7898,-0.22458260869565222,-0.51654,0.0
c561733244807b85c43bd2c80d73a010,player_threes,Spencer Dinwiddie,BKN,MIL,williamhill_us,Over,129,2.5,203915.0,0.4366812227074236,0.2102,0.7898,-0.2264812227074236,-0.518642,0.0
c561733244807b85c43bd2c80d73a010,player_threes,Spencer Dinwiddie,BKN,MIL,fanduel,Over,126,2.5,203915.0,0.4424778761061947,0.2102,0.7898,-0.23227787610619471,-0.524948,0.0
c561733244807b85c43bd2c80d73a010,player_threes,Dorian Finney-Smith,BKN,MIL,draftkings,Over,-120,1.5,1627827.0,0.5454545454545454,0.2274,0.7726,-0.3180545454545454,-0.5831,0.0
c561733244807b85c43bd2c80d73a010,player_threes,Dorian Finney-Smith,BKN,MIL,betonlineag,Over,-120,1.5,1627827.0,0.5454545454545454,0.2274,0.7726,-0.3180545454545454,-0.5831,0.0
c561733244807b85c43bd2c80d73a010,player_threes,Dorian Finney-Smith,BKN,MIL,williamhill_us,Over,-125,1.5,1627827.0,0.5555555555555556,0.2274,0.7726,-0.3281555555555556,-0.5906800000000001,0.0
c561733244807b85c43bd2c80d73a010,player_threes,Dorian Finney-Smith,BKN,MIL,fanduel,Over,-128,1.5,1627827.0,0.5614035087719298,0.2274,0.7726,-0.3340035087719298,-0.59494375,0.0
2f5a74d16e351bb6bfd69edb4d609d2d,player_threes,Isaiah Joe,OKC,SAC,fanduel,Over,-120,3.5,1630198.0,0.5454545454545454,0.2145,0.7855,-0.3309545454545454,-0.6067499999999999,0.0
30f8e1bcf9f78e431692d16159641c19,player_threes,Talen Horton-Tucker,UTA,SAS,williamhill_us,Over,-125,1.5,1629659.0,0.5555555555555556,0.1905,0.8095,-0.3650555555555556,-0.6571,0.0
30f8e1bcf9f78e431692d16159641c19,player_threes,Talen Horton-Tucker,UTA,SAS,draftkings,Over,-130,1.5,1629659.0,0.5652173913043478,0.1905,0.8095,-0.3747173913043478,-0.6629615384615384,0.0
30f8e1bcf9f78e431692d16159641c19,player_threes,Talen Horton-Tucker,UTA,SAS,betonlineag,Over,-139,1.5,1629659.0,0.5815899581589958,0.1905,0.8095,-0.39108995815899583,-0.6724496402877698,0.0
30f8e1bcf9f78e431692d16159641c19,player_threes,Talen Horton-Tucker,UTA,SAS,fanduel,Over,-146,1.5,1629659.0,0.5934959349593496,0.1905,0.8095,-0.4029959349593496,-0.6790205479452055,0.0
